Month,TotalRevenue,TotalExpenses,NetProfit,PrevMonthRevenue,YTDRevenue,OperationalEfficiencyScore,TotalUnitsSold,TopProduct1,TopProduct2,TopProduct3,RevenueNorth,RevenueSouth,RevenueEast,RevenueWest,MarketingROI,SalesGrowthQoQ,TotalUnitsProduced,AvgProductionTime,DefectiveUnits,UtilAssembly,UtilPackaging,UtilQA,BottleneckArea,ResourceAllocation,TotalIncome,TotalExpensesTotal,ProfitMargin,CostCenter1,CostCenter2,CostCenter3,CostCenter4,CostCenter5,CashFlowStatus,BudgetVarianceSummary,TotalActiveCustomers,NewCustomers,ChurnRate,AvgPurchaseCustomer,CustomerSatisfaction,Complaint1,Complaint2,Complaint3,CustomerImprovements,TotalEmployees,NewHires,Resignations,EmployeeSatisfaction,EffSales,EffOperations,EffFinance,EffHR,TrainingHours,HRRecommendations,Recommendation1,Recommendation2,Recommendation3,Recommendation4,Recommendation5,OperationalRisks,FinancialCompliance,DataPrivacyStatus,AuditNotes,RiskMitigation,SUPPORTING_TABLES,CHARTS_GRAPHS,NOTES_REFERENCES
October,750000,500000,250000,700000,4200000,87,3500,WidgetA,WidgetB,WidgetC,180000,150000,200000,220000,30,12,3600,2.1,90,92,88,85,Packaging,"Reallocate resources from QA to Assembly",750000,500000,33.33,Marketing,Operations,IT,Logistics,CustomerSupport,Positive,WithinBudget,1800,250,3.8,150,9,DelayedDelivery,ProductQuality,CustomerService,"Implement loyalty programs, Improve delivery tracking, Enhance product quality monitoring",250,15,4,8.5,96,90,92,94,60,"Conduct leadership training, Introduce flexible work policies","Invest in digital marketing, Enhance production efficiency, Optimize supply chain, Strengthen customer support, Expand HR training programs","Expand online sales channels, Upgrade machinery for efficiency, Reduce operational costs, Improve customer feedback response, Introduce incentive programs","Unexpected machine downtime, Supplier delays, Inventory mismanagement","Compliant","Secure","Minor discrepancies in quarterly audit","Regular maintenance and supplier vetting","Table1: Sales by Region; Table2: Production KPI; Table3: Cost Analysis","Chart1: Revenue Trend; Chart2: Defect Rate; Chart3: Customer Growth","Reference1: Last Quarter Financial Report; Reference2: Employee Survey; Reference3: Customer Feedback Summary"
October,720000,480000,240000,680000,3920000,85,3400,WidgetA,WidgetC,WidgetD,175000,145000,190000,210000,28,10,3500,2.2,85,90,87,83,Assembly,"Increase QA checks",720000,480000,33.33,Marketing,Operations,IT,Logistics,CustomerSupport,Positive,WithinBudget,1750,230,4.0,145,8,ProductQuality,CustomerService,DeliveryDelay,"Enhance product QA, Improve delivery tracking, Customer loyalty programs",245,12,3,8.0,95,88,90,93,55,"Implement cross-training, Introduce flexible shifts","Optimize production, Increase marketing ROI, Reduce costs, Improve customer support, Expand HR initiatives","Invest in online marketing, Upgrade production equipment, Reduce overhead, Enhance customer feedback handling, Introduce staff incentives","Supplier delays, Inventory issues, Machine downtime","Compliant","Secure","Minor inconsistencies in quarterly audit","Preventive maintenance, Supplier vetting, QA audits","Table1: Sales by Region; Table2: Cost Analysis; Table3: Production KPI","Chart1: Revenue Trend; Chart2: Defect Rate; Chart3: Customer Growth","Reference1: Last Quarter Report; Reference2: Employee Survey; Reference3: Customer Feedback"
October,770000,520000,250000,710000,4300000,88,3600,WidgetB,WidgetA,WidgetC,185000,155000,205000,225000,32,14,3700,2.0,92,93,89,86,Packaging,"Shift extra staff to packaging",770000,520000,32.47,Marketing,Operations,IT,Logistics,CustomerSupport,Positive,WithinBudget,1820,260,3.7,155,9,CustomerService,DeliveryDelay,ProductQuality,"Improve packaging speed, Customer support, Product QA",255,16,5,8.6,97,91,93,95,62,"Leadership workshop, Flexible work hours","Increase online ads, Optimize supply chain, Upgrade machinery, Improve customer experience, Expand HR training","Invest in production efficiency, Reduce costs, Enhance customer satisfaction, Expand digital marketing, Introduce incentives","Machine breakdown, Supplier delay, Inventory shortage","Compliant","Secure","Minor discrepancies","Maintenance and QA audits","Table1: Production KPI; Table2: Sales by Region; Table3: Cost Summary","Chart1: Revenue vs Expense; Chart2: Defect Rate; Chart3: Customer Churn","Reference1: Monthly Financial; Reference2: Employee Survey; Reference3: Customer Feedback"
October,710000,470000,240000,690000,4080000,84,3300,WidgetC,WidgetA,WidgetB,170000,140000,180000,200000,29,11,3450,2.3,88,89,86,82,Assembly,"Increase assembly efficiency",710000,470000,33.8,Marketing,Operations,IT,Logistics,CustomerSupport,Positive,WithinBudget,1720,220,4.1,142,8,DelayedDelivery,ProductQuality,CustomerService,"Improve assembly line, Customer service enhancements, Quality checks",240,10,3,7.9,94,87,89,91,54,"Cross-training staff, Flexible work policies","Optimize operations, Increase marketing efficiency, Reduce overhead, Improve customer support, Expand HR programs","Upgrade machinery, Improve production process, Enhance customer feedback, Reduce costs, Expand online sales, Incentive programs","Machine downtime, Supplier delays, Inventory mismanagement","Compliant","Secure","Minor audit notes","Preventive maintenance, Supplier vetting, QA checks","Table1: Operations KPI; Table2: Revenue Breakdown; Table3: Customer Feedback","Chart1: Revenue Trend; Chart2: Defect Rate; Chart3: Customer Growth","Reference1: Financial Report; Reference2: Employee Survey; Reference3: Customer Complaints"
October,760000,510000,250000,705000,4250000,87,3550,WidgetB,WidgetC,WidgetA,182000,152000,202000,223000,31,13,3650,2.1,91,92,88,85,Packaging,"Reallocate QA resources",760000,510000,32.89,Marketing,Operations,IT,Logistics,CustomerSupport,Positive,WithinBudget,1805,255,3.9,152,9,ProductQuality,DeliveryDelay,CustomerService,"Improve QA, Customer tracking, Packaging efficiency",252,15,4,8.4,96,90,92,94,60,"Leadership training, Flexible shifts","Increase digital ads, Optimize production, Reduce operational costs, Strengthen customer support, Expand HR training","Expand online channels, Upgrade machinery, Reduce overhead, Enhance customer service, Incentivize staff","Machine downtime, Supplier issues, Inventory delays","Compliant","Secure","Minor audit findings","Maintenance, QA audits, Supplier vetting","Table1: Sales by Region; Table2: Production KPI; Table3: Cost Analysis","Chart1: Revenue Trend; Chart2: Defect Rate; Chart3: Customer Growth","Reference1: Monthly Financial; Reference2: Employee Survey; Reference3: Customer Feedback"
October,730000,485000,245000,695000,4100000,85,3450,WidgetA,WidgetD,WidgetB,175000,148000,195000,212000,29,12,3550,2.2,89,90,87,83,Assembly,"Optimize QA and assembly",730000,485000,33.56,Marketing,Operations,IT,Logistics,CustomerSupport,Positive,WithinBudget,1765,240,4.0,148,8,CustomerService,DelayedDelivery,ProductQuality,"Improve QA, Enhance delivery, Customer feedback monitoring",248,13,4,8.2,95,89,91,93,57,"Cross-training, Flexible hours","Optimize production, Enhance marketing, Reduce costs, Strengthen customer service, Expand HR training","Upgrade machinery, Improve processes, Enhance customer experience, Reduce overhead, Increase online sales","Machine downtime, Supplier delays, Inventory shortages","Compliant","Secure","Minor audit notes","Maintenance, QA audits, Supplier checks","Table1: Production KPI; Table2: Sales by Region; Table3: Financial Analysis","Chart1: Revenue vs Expense; Chart2: Defect Rate; Chart3: Customer Churn","Reference1: Monthly Report; Reference2: Employee Survey; Reference3: Customer Feedback"
October,745000,495000,250000,700000,4225000,86,3500,WidgetC,WidgetB,WidgetA,178000,150000,198000,219000,30,12,3600,2.1,90,92,88,85,Packaging,"Shift QA to packaging line",745000,495000,33.56,Marketing,Operations,IT,Logistics,CustomerSupport,Positive,WithinBudget,1790,250,3.9,150,9,ProductQuality,CustomerService,DeliveryDelay,"Improve packaging, QA, Customer tracking",250,14,4,8.5,96,90,92,94,60,"Leadership workshop, Flexible schedules","Increase digital marketing, Optimize supply chain, Reduce costs, Enhance customer support, Expand HR training","Expand online sales, Upgrade machinery, Reduce overhead, Improve customer satisfaction, Incentivize staff","Machine downtime, Supplier delays, Inventory shortages","Compliant","Secure","Minor audit findings","Maintenance, QA audits, Supplier vetting","Table1: Sales by Region; Table2: Production KPI; Table3: Cost Analysis","Chart1: Revenue Trend; Chart2: Defect Rate; Chart3: Customer Growth","Reference1: Monthly Financial; Reference2: Employee Survey; Reference3: Customer Feedback"
October,755000,505000,250000,710000,4275000,87,3520,WidgetB,WidgetC,WidgetA,180000,152000,200000,220000,31,13,3620,2.1,91,92,89,86,Assembly,"Reallocate staff from QA to assembly",755000,505000,33.11,Marketing,Operations,IT,Logistics,CustomerSupport,Positive,WithinBudget,1810,255,3.8,152,9,CustomerService,DeliveryDelay,ProductQuality,"Improve assembly line, QA, Customer support",251,15,4,8.4,97,91,93,95,62,"Cross-training, Flexible work hours","Optimize production, Increase digital marketing, Reduce operational costs, Enhance customer service, Expand HR initiatives","Invest in production efficiency, Reduce costs, Enhance customer satisfaction, Expand online marketing, Staff incentives","Machine breakdown, Supplier delays, Inventory shortage","Compliant","Secure","Minor discrepancies","Maintenance, QA audits, Supplier checks","Table1: Operations KPI; Table2: Sales by Region; Table3: Cost Summary","Chart1: Revenue vs Expense; Chart2: Defect Rate; Chart3: Customer Churn","Reference1: Monthly Financial; Reference2: Employee Survey; Reference3: Customer Feedback"
October,740000,490000,250000,705000,4235000,86,3480,WidgetA,WidgetB,WidgetC,177000,149000,197000,217000,30,12,3580,2.2,89,91,87,84,Packaging,"Improve QA and packaging efficiency",740000,490000,33.78,Marketing,Operations,IT,Logistics,CustomerSupport,Positive,WithinBudget,1780,248,3.9,149,9,ProductQuality,CustomerService,DeliveryDelay,"Enhance QA, Packaging, Customer support",249,14,4,8.5,96,90,92,94,60,"Leadership training, Flexible shifts","Optimize production, Increase marketing efficiency, Reduce costs, Enhance customer service, Expand HR training","Expand online sales, Upgrade machinery, Reduce overhead, Improve customer satisfaction, Incentivize staff","Machine downtime, Supplier delays, Inventory shortages","Compliant","Secure","Minor audit notes","Maintenance, QA audits, Supplier vetting","Table1: Sales by Region; Table2: Production KPI; Table3: Cost Analysis","Chart1: Revenue Trend; Chart2: Defect Rate; Chart3: Customer Growth","Reference1: Monthly Financial; Reference2: Employee Survey; Reference3: Customer Feedback"
October,765000,515000,250000,715000,4325000,88,3600,WidgetC,WidgetB,WidgetA,183000,155000,203000,225000,32,14,3700,2.0,92,93,89,86,Assembly,"Shift QA to assembly line",765000,515000,32.68,Marketing,Operations,IT,Logistics,CustomerSupport,Positive,WithinBudget,1830,260,3.7,155,9,CustomerService,ProductQuality,DeliveryDelay,"Improve QA, Customer support, Assembly efficiency",256,16,5,8.6,97,91,93,95,62,"Leadership workshop, Flexible schedules","Optimize digital marketing, Upgrade production, Reduce operational costs, Enhance customer service, Expand HR initiatives","Invest in production efficiency, Reduce costs, Enhance customer satisfaction, Expand online marketing, Staff incentives","Machine breakdown, Supplier delays, Inventory shortage","Compliant","Secure","Minor discrepancies","Maintenance, QA audits, Supplier checks","Table1: Operations KPI; Table2: Sales by Region; Table3: Cost Summary","Chart1: Revenue vs Expense; Chart2: Defect Rate; Chart3: Customer Churn","Reference1: Monthly Financial; Reference2: Employee Survey; Reference3: Customer Feedback"
